{"precio":{"Switzerland":97.0,"England":51.6363636364,"Hungary":50.8196721311,"France":41.5779488896,"Germany":40.5922330097,"Italy":39.7398355149,"US":36.3448887575,"Australia":35.786701209,"Canada":35.5754716981,"Israel":31.5080645161,"Austria":30.8467741935,"Lebanon":30.4,"Spain":27.8759253776,"Uruguay":26.737704918,"Mexico":26.6774193548,"New Zealand":26.6629055007,"Turkey":25.7674418605,"Portugal":25.6473601261,"Croatia":25.0,"Serbia":25.0,"South Africa":24.2934782609,"Slovenia":24.0,"Czech Republic":23.6666666667,"Argentina":23.604663487,"Brazil":23.1851851852,"Luxembourg":23.0,"Greece":21.8451882845,"Morocco":21.0909090909,"Chile":21.0215439856,"Peru":20.5,"Georgia":18.2702702703,"Moldova":17.9,"Cyprus":16.0,"Slovakia":16.0,"Macedonia":15.8333333333,"Bulgaria":14.0147058824,"Armenia":14.0,"Romania":13.7313432836,"India":13.5,"Bosnia and Herzegovina":13.0,"Ukraine":9.2}}